{
  "strategy_weights": {
    "A": 0.4,
    "B": 0.3,
    "C": 0.2,
    "D": 0.1
  },
  "final_weights": {
    "ICICIBANK.NS": 0.13461385620906033,
    "DRREDDY.NS": 0.0811724911760696,
    "M&M.NS": 0.11023851035348879,
    "MARUTI.NS": 0.11907211949874068,
    "ITC.NS": 0.08013181194878899,
    "SBIN.NS": 0.07670815589713643,
    "SUNPHARMA.NS": 0.08186850137046654,
    "HINDUNILVR.NS": 0.08064587330965067,
    "TCS.NS": 0.07875123579262418,
    "HDFCBANK.NS": 0.08189729121750416,
    "INFY.NS": 0.07490015322646976
  },
  "individual_strategies": {
    "A_forecast_guided": {
      "HDFCBANK.NS": 0.07392445129783935,
      "ICICIBANK.NS": 0.20842678399248385,
      "SBIN.NS": 0.07392445129783935,
      "TCS.NS": 0.07392445129783935,
      "INFY.NS": 0.07392445129783935,
      "SUNPHARMA.NS": 0.07392445129783935,
      "DRREDDY.NS": 0.07392445129783935,
      "ITC.NS": 0.07392445129783935,
      "HINDUNILVR.NS": 0.07392445129783935,
      "M&M.NS": 0.09694035780868313,
      "MARUTI.NS": 0.10323724781611796
    },
    "B_volatility_aware": {
      "HDFCBANK.NS": 0.09664812487448383,
      "ICICIBANK.NS": 0.0946743806817933,
      "SBIN.NS": 0.07956374966371106,
      "TCS.NS": 0.096129088283481,
      "INFY.NS": 0.08376108500319154,
      "SUNPHARMA.NS": 0.09665815134104754,
      "DRREDDY.NS": 0.09167675482296815,
      "ITC.NS": 0.10186135141493127,
      "HINDUNILVR.NS": 0.10026268421767989,
      "M&M.NS": 0.07053889777952604,
      "MARUTI.NS": 0.08822573191718637
    },
    "C_correlation_diversified": {
      "HDFCBANK.NS": 0.08770771898109718,
      "ICICIBANK.NS": 0.08524649483862472,
      "SBIN.NS": 0.08738860519541775,
      "TCS.NS": 0.08952079631903134,
      "INFY.NS": 0.08881738840869347,
      "SUNPHARMA.NS": 0.09462017053495708,
      "DRREDDY.NS": 0.09861221434009143,
      "ITC.NS": 0.09326519802419028,
      "HINDUNILVR.NS": 0.09823350562437573,
      "M&M.NS": 0.0857719466143109,
      "MARUTI.NS": 0.09081596111921017
    },
    "D_sector_momentum": {
      "HDFCBANK.NS": 0.057915294398038275,
      "ICICIBANK.NS": 0.057915294398038275,
      "SBIN.NS": 0.057915294398038275,
      "TCS.NS": 0.024385695246378437,
      "INFY.NS": 0.024385695246378437,
      "SUNPHARMA.NS": 0.043772413420251,
      "DRREDDY.NS": 0.043772413420251,
      "ITC.NS": 0.01350586400335796,
      "HINDUNILVR.NS": 0.01350586400335796,
      "M&M.NS": 0.33146308573295524,
      "MARUTI.NS": 0.33146308573295524
    }
  }
}