{
  "HDFCBANK.NS": {
    "omega": 0.05372381310123306,
    "alpha": 0.05260100841390093,
    "beta": 0.9173134221615435,
    "persistence": 0.9699144305754445,
    "log_likelihood": -2059.6202845659454,
    "aic": 4127.240569131891,
    "bic": 4147.712633949752,
    "vol_forecast_2d": [
      0.009375906560947406,
      0.009520254945628578
    ],
    "avg_daily_vol": 0.012610556307586982
  },
  "ICICIBANK.NS": {
    "omega": 0.00660238392994238,
    "alpha": 0.009321996248614682,
    "beta": 0.9851151459095916,
    "persistence": 0.9944371421582062,
    "log_likelihood": -2074.2226235626945,
    "aic": 4156.445247125389,
    "bic": 4176.91731194325,
    "vol_forecast_2d": [
      0.009698105446594829,
      0.009705167839409673
    ],
    "avg_daily_vol": 0.012873457549712386
  },
  "SBIN.NS": {
    "omega": 0.4429943371884982,
    "alpha": 0.157399343937935,
    "beta": 0.6771663311572331,
    "persistence": 0.8345656750951681,
    "log_likelihood": -2292.8408940675436,
    "aic": 4593.681788135087,
    "bic": 4614.153852952948,
    "vol_forecast_2d": [
      0.012347889528461513,
      0.013097556101666732
    ],
    "avg_daily_vol": 0.015318365787230658
  },
  "TCS.NS": {
    "omega": 0.042093944700626176,
    "alpha": 0.005985305746134949,
    "beta": 0.9685463512455611,
    "persistence": 0.9745316569916961,
    "log_likelihood": -2076.4377761934693,
    "aic": 4160.875552386939,
    "bic": 4181.3476172047995,
    "vol_forecast_2d": [
      0.012353342156738325,
      0.012366400399325928
    ],
    "avg_daily_vol": 0.012678645376914648
  },
  "INFY.NS": {
    "omega": 1.929270412755657,
    "alpha": 0.14849734751092836,
    "beta": 0.025308647014528556,
    "persistence": 0.17380599452545692,
    "log_likelihood": -2254.9212295649036,
    "aic": 4517.842459129807,
    "bic": 4538.314523947668,
    "vol_forecast_2d": [
      0.015191380083767227,
      0.015265570611489572
    ],
    "avg_daily_vol": 0.014550750156900868
  },
  "SUNPHARMA.NS": {
    "omega": 0.006722320500207747,
    "alpha": 0.009340005679071083,
    "beta": 0.9858021698435783,
    "persistence": 0.9951421755226494,
    "log_likelihood": -2062.6250986811697,
    "aic": 4133.250197362339,
    "bic": 4153.7222621802,
    "vol_forecast_2d": [
      0.01101899390365279,
      0.011022732431903961
    ],
    "avg_daily_vol": 0.012609248199378689
  },
  "DRREDDY.NS": {
    "omega": 0.004406777958793721,
    "alpha": 0.0,
    "beta": 0.9970166957815945,
    "persistence": 0.9970166957815945,
    "log_likelihood": -2131.19545482121,
    "aic": 4270.39090964242,
    "bic": 4290.862974460281,
    "vol_forecast_2d": [
      0.012302370983413882,
      0.012301930397001733
    ],
    "avg_daily_vol": 0.013294390962091831
  },
  "ITC.NS": {
    "omega": 0.24330532538648073,
    "alpha": 0.13110614117547953,
    "beta": 0.7178468580018992,
    "persistence": 0.8489529991773788,
    "log_likelihood": -1993.631966613685,
    "aic": 3995.26393322737,
    "bic": 4015.7359980452316,
    "vol_forecast_2d": [
      0.010040341818853615,
      0.010483901003805243
    ],
    "avg_daily_vol": 0.011965152669020268
  },
  "HINDUNILVR.NS": {
    "omega": 0.704135637882121,
    "alpha": 0.09669291379232853,
    "beta": 0.46616871945810384,
    "persistence": 0.5628616332504324,
    "log_likelihood": -2031.489030402131,
    "aic": 4070.978060804262,
    "bic": 4091.4501256221233,
    "vol_forecast_2d": [
      0.011562762761758763,
      0.012069247998678388
    ],
    "avg_daily_vol": 0.012155934486117227
  },
  "M&M.NS": {
    "omega": 0.07170728121527167,
    "alpha": 0.03647733962412622,
    "beta": 0.9399832832437289,
    "persistence": 0.9764606228678552,
    "log_likelihood": -2443.0056109596553,
    "aic": 4894.011221919311,
    "bic": 4914.4832867371715,
    "vol_forecast_2d": [
      0.013540752246320828,
      0.013645757887165938
    ],
    "avg_daily_vol": 0.01727822037369756
  },
  "MARUTI.NS": {
    "omega": 0.018844866240746893,
    "alpha": 0.016491412534510533,
    "beta": 0.9734538505111701,
    "persistence": 0.9899452630456806,
    "log_likelihood": -2181.517334469865,
    "aic": 4371.03466893973,
    "bic": 4391.506733757591,
    "vol_forecast_2d": [
      0.011676631256188487,
      0.011698602647423601
    ],
    "avg_daily_vol": 0.013814412125210796
  }
}