Model,Avg MAPE (%)
ARIMA,0.7727272727272727
LSTM,1.3881818181818182
ExpSmoothing,6.500909090909091
Prophet,7.637272727272727
